timestamp,user_id,product_id,action,region
2026-06-19 06:38:04,USER_139,PROD_038,['click'],Dubai
2026-06-20 12:30:04,USER_043,PROD_036,['click'],Cairo
2026-06-03 22:16:04,USER_001,PROD_029,['click'],Riyadh
2026-06-23 16:50:04,USER_039,PROD_007,['click'],Riyadh
2026-06-21 23:22:04,USER_112,PROD_050,['click'],Riyadh
2026-06-16 13:42:04,USER_067,PROD_045,['click'],Dubai
2026-06-16 07:54:04,USER_134,PROD_010,['click'],Dubai
2026-06-28 09:51:04,USER_176,PROD_013,['click'],Dubai
2026-06-06 22:08:04,USER_161,PROD_031,['click'],
2026-06-05 16:17:04,USER_112,PROD_016,['click'],Riyadh
2026-06-06 10:22:04,USER_141,PROD_050,['purchase'],
2026-06-08 01:20:04,USER_074,PROD_011,['click'],Riyadh
2026-06-09 22:25:04,USER_103,PROD_013,['purchase'],Riyadh
2026-06-05 23:53:04,USER_050,PROD_028,['click'],Dubai
2026-06-25 09:41:04,USER_079,PROD_030,['purchase'],Dubai
2026-06-11 02:46:04,USER_115,PROD_043,['click'],Riyadh
2026-06-30 04:01:04,USER_094,PROD_008,['click'],Riyadh
2026-06-19 00:06:04,USER_109,PROD_040,['click'],Cairo
2026-06-20 21:37:04,USER_167,PROD_013,['click'],Dubai
2026-06-22 10:03:04,USER_015,PROD_023,['click'],Dubai
2026-06-22 20:46:04,USER_050,PROD_041,['click'],Dubai
2026-06-13 14:58:04,USER_130,PROD_032,['click'],Dubai
2026-06-14 05:39:04,USER_164,PROD_022,['click'],Dubai
2026-06-05 10:43:04,USER_115,PROD_031,['click'],Dubai
2026-06-20 01:40:04,USER_185,PROD_024,['purchase'],Cairo
2026-06-27 07:19:04,USER_044,PROD_039,['purchase'],Riyadh
2026-06-16 12:55:04,USER_188,PROD_020,['click'],Dubai
2026-06-18 15:31:04,USER_019,PROD_048,['click'],Riyadh
2026-06-05 23:17:04,USER_048,PROD_016,['click'],Dubai
2026-06-04 23:44:04,USER_014,PROD_015,['click'],
2026-06-21 14:52:04,USER_050,PROD_037,['click'],Cairo
2026-06-17 01:41:04,USER_152,PROD_002,['click'],Cairo
2026-06-27 07:08:04,USER_148,PROD_013,['click'],Dubai
2026-06-27 22:38:04,USER_084,PROD_004,['click'],Riyadh
2026-06-19 16:41:04,USER_145,PROD_024,['purchase'],Riyadh
2026-06-06 23:16:04,USER_164,PROD_011,['click'],Dubai
2026-06-26 01:15:04,USER_089,PROD_011,['click'],Dubai
2026-06-27 22:14:04,USER_090,PROD_006,['click'],Cairo
2026-06-21 20:48:04,USER_016,PROD_010,['purchase'],Dubai
2026-06-29 02:56:04,USER_157,PROD_029,['click'],Riyadh
2026-06-24 23:09:04,USER_109,PROD_022,['purchase'],Dubai
2026-06-08 13:40:04,USER_050,PROD_007,['click'],Riyadh
2026-06-27 13:38:04,USER_048,PROD_041,['click'],Dubai
2026-06-03 21:32:04,USER_093,PROD_036,['click'],Dubai
2026-06-11 18:57:04,USER_043,PROD_020,['purchase'],Riyadh
2026-06-18 00:45:04,USER_046,PROD_007,['click'],Cairo
2026-06-21 03:21:04,USER_078,PROD_003,['click'],Riyadh
2026-06-09 06:56:04,USER_195,PROD_013,['click'],Dubai
2026-06-16 13:34:04,USER_193,PROD_030,['purchase'],Cairo
2026-06-20 18:28:04,USER_045,PROD_012,['click'],Riyadh
2026-06-05 22:01:04,USER_165,PROD_045,['click'],Riyadh
2026-06-30 16:46:04,USER_031,PROD_016,['click'],Riyadh
2026-06-06 03:14:04,USER_075,PROD_035,['click'],Riyadh
2026-06-12 18:07:04,USER_134,PROD_040,['click'],Dubai
2026-06-19 05:05:04,USER_004,PROD_043,['click'],Dubai
2026-06-23 05:06:04,USER_025,PROD_033,['click'],Riyadh
2026-06-17 19:17:04,USER_103,PROD_038,['click'],Riyadh
2026-06-25 19:17:04,USER_049,PROD_040,['purchase'],Riyadh
2026-06-21 05:18:04,USER_103,PROD_003,['click'],Riyadh
2026-06-16 09:25:04,USER_046,PROD_047,['click'],Dubai
2026-06-14 18:55:04,USER_044,PROD_002,['click'],
2026-06-19 05:00:04,USER_052,PROD_016,['purchase'],Dubai
2026-06-26 16:59:04,USER_150,PROD_039,['click'],Dubai
2026-06-04 03:06:04,USER_033,PROD_001,['click'],Dubai
2026-06-19 03:51:04,USER_197,PROD_012,['click'],Riyadh
2026-06-09 22:45:04,USER_170,PROD_028,['click'],Dubai
2026-06-18 18:04:04,USER_013,PROD_036,['click'],Dubai
2026-06-19 18:40:04,USER_117,PROD_022,['click'],Dubai
2026-06-04 20:05:04,USER_126,PROD_046,['click'],Riyadh
2026-06-02 05:33:04,USER_065,PROD_012,['click'],Riyadh
2026-06-06 09:12:04,USER_021,PROD_034,['click'],Dubai
2026-06-16 20:32:04,USER_074,PROD_046,['click'],Cairo
2026-06-25 04:15:04,USER_148,PROD_017,['click'],Dubai
2026-06-30 11:24:04,USER_131,PROD_010,['click'],Riyadh
2026-06-02 07:00:04,USER_016,PROD_042,['click'],Riyadh
2026-06-08 11:52:04,USER_079,PROD_045,['purchase'],Cairo
2026-06-06 21:15:04,USER_096,PROD_034,['click'],Dubai
2026-06-30 02:41:04,USER_119,PROD_030,['click'],Riyadh
2026-07-01 11:56:04,USER_104,PROD_039,['click'],Cairo
2026-06-22 23:39:04,USER_198,PROD_012,['click'],Riyadh
2026-06-23 00:01:04,USER_126,PROD_038,['click'],Dubai
2026-07-01 08:57:04,USER_055,PROD_032,['click'],
2026-06-30 19:50:04,USER_197,PROD_036,['click'],
2026-06-22 10:54:04,USER_190,PROD_021,['click'],Riyadh
2026-06-18 22:13:04,USER_086,PROD_034,['click'],Dubai
2026-06-07 10:24:04,USER_021,PROD_045,['click'],Riyadh
2026-06-23 08:39:04,USER_003,PROD_024,['click'],Cairo
2026-06-06 07:27:04,USER_170,PROD_047,['purchase'],Riyadh
2026-06-09 17:03:04,USER_094,PROD_030,['click'],Dubai
2026-06-26 05:17:04,USER_196,PROD_041,['click'],Riyadh
2026-06-19 00:26:04,USER_191,PROD_016,['click'],Riyadh
2026-06-19 04:32:04,USER_132,PROD_039,['click'],Dubai
2026-06-08 16:14:04,USER_049,PROD_005,['click'],Cairo
2026-07-01 12:26:04,USER_152,PROD_035,['click'],Riyadh
2026-06-22 07:05:04,USER_023,PROD_014,['purchase'],Riyadh
2026-06-11 02:00:04,USER_044,PROD_024,['click'],Riyadh
2026-06-04 08:04:04,USER_077,PROD_038,['click'],Dubai
2026-06-14 23:32:04,USER_092,PROD_022,['click'],Dubai
2026-06-03 19:30:04,USER_199,PROD_045,['purchase'],Dubai
2026-06-06 21:11:04,USER_073,PROD_030,['click'],Cairo
2026-06-07 02:50:04,USER_108,PROD_028,['purchase'],Dubai
2026-06-01 22:44:04,USER_019,PROD_025,['click'],Dubai
2026-06-23 14:37:04,USER_186,PROD_036,['click'],Cairo
2026-06-20 03:33:04,USER_022,PROD_027,['purchase'],Cairo
2026-06-21 19:50:04,USER_057,PROD_026,['purchase'],
2026-06-20 17:21:04,USER_163,PROD_037,['click'],Riyadh
2026-06-11 22:44:04,USER_169,PROD_010,['click'],Dubai
2026-06-26 17:03:04,USER_147,PROD_030,['click'],Cairo
2026-06-26 09:42:04,USER_154,PROD_049,['click'],Riyadh
2026-06-12 07:03:04,USER_181,PROD_030,['click'],Riyadh
2026-06-02 20:38:04,USER_155,PROD_011,['click'],Dubai
2026-06-15 14:57:04,USER_009,PROD_004,['click'],Riyadh
2026-06-15 22:12:04,USER_051,PROD_002,['click'],Riyadh
2026-06-23 21:30:04,USER_063,PROD_003,['click'],Dubai
2026-06-17 20:19:04,USER_091,PROD_002,['click'],Riyadh
2026-07-01 09:10:04,USER_040,PROD_017,['click'],Dubai
2026-06-23 04:05:04,USER_062,PROD_008,['click'],Dubai
2026-06-21 00:48:04,USER_076,PROD_023,['click'],Dubai
2026-06-15 00:53:04,USER_179,PROD_022,['click'],Dubai
2026-06-17 23:55:04,USER_028,PROD_031,['click'],Dubai
2026-06-08 19:18:04,USER_112,PROD_031,['click'],Dubai
2026-06-10 16:30:04,USER_141,PROD_049,['click'],Riyadh
2026-06-03 13:07:04,USER_187,PROD_038,['click'],Dubai
2026-06-18 00:38:04,USER_044,PROD_011,['click'],Riyadh
2026-06-10 20:21:04,USER_100,PROD_016,['click'],Cairo
2026-06-04 01:33:04,USER_148,PROD_005,['click'],Dubai
2026-07-01 14:00:04,USER_066,PROD_032,['click'],Dubai
2026-07-01 02:03:04,USER_179,PROD_006,['click'],Riyadh
2026-06-27 02:41:04,USER_116,PROD_026,['purchase'],Riyadh
2026-06-20 11:01:04,USER_109,PROD_045,['click'],Riyadh
2026-06-18 00:47:04,USER_186,PROD_045,['purchase'],Dubai
2026-06-10 15:42:04,USER_183,PROD_009,['click'],Cairo
2026-06-25 10:13:04,USER_169,PROD_048,['click'],Dubai
2026-06-19 12:53:04,USER_048,PROD_013,['click'],Dubai
2026-06-11 23:33:04,USER_139,PROD_001,['click'],Dubai
2026-06-16 12:52:04,USER_177,PROD_046,['purchase'],Riyadh
2026-06-30 03:01:04,USER_126,PROD_038,['purchase'],Riyadh
2026-06-22 17:02:04,USER_121,PROD_016,['click'],Dubai
2026-06-05 20:15:04,USER_108,PROD_039,['click'],Riyadh
2026-06-12 21:43:04,USER_028,PROD_047,['click'],Riyadh
2026-06-25 23:22:04,USER_180,PROD_022,['click'],Riyadh
2026-06-27 10:07:04,USER_035,PROD_023,['click'],Dubai
2026-06-02 06:18:04,USER_033,PROD_045,['click'],Dubai
2026-06-19 23:35:04,USER_116,PROD_042,['click'],
2026-06-07 19:38:04,USER_159,PROD_002,['click'],Dubai
2026-06-05 04:29:04,USER_122,PROD_030,['click'],Riyadh
2026-06-30 16:37:04,USER_169,PROD_018,['click'],Cairo
2026-06-25 06:32:04,USER_015,PROD_029,['click'],Cairo
2026-06-25 18:24:04,USER_169,PROD_004,['click'],Dubai
2026-06-27 21:18:04,USER_138,PROD_020,['click'],Dubai
2026-06-16 18:27:04,USER_075,PROD_038,['click'],Riyadh
2026-06-14 22:46:04,USER_067,PROD_046,['purchase'],Dubai
2026-06-13 03:08:04,USER_180,PROD_036,['click'],Dubai
2026-06-09 05:03:04,USER_081,PROD_030,['click'],Riyadh
2026-06-01 19:01:04,USER_039,PROD_036,['click'],Dubai
2026-06-13 18:55:04,USER_196,PROD_024,['click'],Riyadh
2026-06-07 11:37:04,USER_049,PROD_044,['click'],Riyadh
2026-06-26 00:08:04,USER_196,PROD_038,['click'],Cairo
2026-06-17 16:09:04,USER_039,PROD_004,['click'],Cairo
2026-06-13 06:30:04,USER_195,PROD_024,['click'],Riyadh
2026-07-01 01:33:04,USER_168,PROD_023,['purchase'],Riyadh
2026-06-26 06:19:04,USER_145,PROD_016,['click'],Dubai
2026-06-14 19:04:04,USER_147,PROD_040,['click'],Riyadh
2026-06-17 00:46:04,USER_129,PROD_028,['click'],Dubai
2026-06-23 09:28:04,USER_179,PROD_004,['click'],Dubai
2026-06-18 14:42:04,USER_138,PROD_032,['purchase'],Riyadh
2026-06-09 22:25:04,USER_150,PROD_038,['click'],Cairo
2026-06-14 02:11:04,USER_059,PROD_025,['click'],Riyadh
2026-06-13 07:58:04,USER_029,PROD_006,['click'],Dubai
2026-06-09 14:37:04,USER_046,PROD_035,['click'],Dubai
2026-06-30 18:39:04,USER_002,PROD_033,['click'],Riyadh
2026-06-28 13:34:04,USER_147,PROD_013,['purchase'],Dubai
2026-06-17 04:00:04,USER_032,PROD_011,['click'],Cairo
2026-06-23 10:17:04,USER_049,PROD_029,['click'],Dubai
2026-06-09 17:33:04,USER_005,PROD_036,['click'],Cairo
2026-06-30 01:51:04,USER_152,PROD_007,['click'],
2026-06-15 07:17:04,USER_192,PROD_020,['purchase'],Riyadh
2026-07-01 06:44:04,USER_043,PROD_010,['click'],Cairo
2026-06-20 03:46:04,USER_123,PROD_028,['purchase'],Dubai
2026-06-28 04:00:04,USER_162,PROD_041,['click'],Riyadh
2026-06-10 08:38:04,USER_179,PROD_050,['click'],Dubai
2026-06-12 10:18:04,USER_154,PROD_046,['click'],Riyadh
2026-06-28 04:00:04,USER_058,PROD_024,['click'],Riyadh
2026-06-02 05:19:04,USER_147,PROD_001,['purchase'],Riyadh
2026-06-23 21:27:04,USER_070,PROD_016,['click'],Dubai
2026-06-01 18:48:04,USER_016,PROD_029,['click'],Dubai
2026-06-10 21:58:04,USER_046,PROD_040,['purchase'],Dubai
2026-06-25 05:16:04,USER_090,PROD_002,['click'],Dubai
2026-06-07 08:12:04,USER_126,PROD_025,['click'],Dubai
2026-06-24 04:30:04,USER_078,PROD_043,['purchase'],Dubai
2026-06-04 02:51:04,USER_122,PROD_019,['click'],Dubai
2026-06-17 16:17:04,USER_012,PROD_024,['click'],Dubai
2026-06-26 23:08:04,USER_010,PROD_008,['purchase'],
2026-06-12 00:14:04,USER_167,PROD_011,['click'],Dubai
2026-06-15 05:29:04,USER_013,PROD_005,['purchase'],Cairo
2026-06-16 19:02:04,USER_012,PROD_027,['purchase'],Cairo
2026-06-15 02:29:04,USER_156,PROD_040,['purchase'],Riyadh
2026-06-01 15:38:04,USER_100,PROD_001,['click'],Dubai
2026-06-26 05:37:04,USER_143,PROD_005,['click'],Dubai
2026-06-03 20:53:04,USER_069,PROD_043,['click'],Riyadh
2026-06-09 08:53:04,USER_170,PROD_030,['click'],Riyadh
2026-06-11 17:00:04,USER_127,PROD_007,['click'],Riyadh
2026-06-01 22:57:04,USER_164,PROD_020,['purchase'],
2026-06-18 03:03:04,USER_073,PROD_008,['click'],Riyadh
2026-06-17 17:26:04,USER_147,PROD_002,['click'],Dubai
2026-06-18 21:16:04,USER_156,PROD_020,['click'],Cairo
2026-06-19 09:59:04,USER_183,PROD_035,['click'],Dubai
2026-06-07 11:10:04,USER_115,PROD_021,['click'],Riyadh
2026-06-30 03:57:04,USER_049,PROD_023,['purchase'],Cairo
2026-06-05 23:59:04,USER_073,PROD_027,['click'],Dubai
2026-06-15 07:08:04,USER_058,PROD_025,['click'],Riyadh
2026-06-04 13:55:04,USER_176,PROD_028,['purchase'],Riyadh
2026-06-03 21:14:04,USER_197,PROD_045,['click'],
2026-06-10 02:56:04,USER_093,PROD_024,['click'],Dubai
2026-06-04 07:03:04,USER_169,PROD_039,['click'],
2026-06-04 16:47:04,USER_020,PROD_002,['click'],Dubai
2026-06-02 09:38:04,USER_112,PROD_032,['click'],Dubai
2026-06-30 08:00:04,USER_051,PROD_037,['click'],Cairo
2026-07-01 00:47:04,USER_196,PROD_049,['purchase'],Riyadh
2026-06-15 05:42:04,USER_020,PROD_021,['click'],Dubai
2026-06-23 13:59:04,USER_062,PROD_029,['purchase'],Dubai
2026-06-21 07:36:04,USER_083,PROD_049,['click'],Riyadh
2026-06-08 02:27:04,USER_033,PROD_028,['purchase'],Dubai
2026-06-14 15:16:04,USER_037,PROD_037,['purchase'],Dubai
2026-06-26 19:09:04,USER_146,PROD_041,['click'],Dubai
2026-06-06 00:36:04,USER_053,PROD_032,['click'],Riyadh
2026-06-06 03:35:04,USER_041,PROD_026,['click'],Riyadh
2026-06-06 16:46:04,USER_186,PROD_015,['click'],Riyadh
2026-07-01 11:15:04,USER_015,PROD_045,['click'],Dubai
2026-06-07 14:07:04,USER_009,PROD_050,['click'],Dubai
2026-06-20 20:10:04,USER_013,PROD_015,['purchase'],Riyadh
2026-06-02 12:41:04,USER_113,PROD_040,['click'],
2026-06-11 01:15:04,USER_056,PROD_011,['click'],Riyadh
2026-06-13 23:53:04,USER_158,PROD_010,['purchase'],Dubai
2026-06-17 07:26:04,USER_065,PROD_034,['click'],Dubai
2026-06-07 23:11:04,USER_013,PROD_044,['click'],Dubai
2026-06-20 21:41:04,USER_054,PROD_026,['click'],Dubai
2026-06-20 12:03:04,USER_173,PROD_029,['click'],Riyadh
2026-06-19 12:17:04,USER_144,PROD_015,['click'],Riyadh
2026-06-22 18:33:04,USER_194,PROD_045,['purchase'],Riyadh
2026-06-03 04:03:04,USER_010,PROD_029,['click'],Dubai
2026-07-01 00:12:04,USER_044,PROD_005,['click'],Dubai
2026-06-08 20:49:04,USER_027,PROD_035,['click'],Dubai
2026-06-08 22:32:04,USER_156,PROD_024,['click'],Dubai
2026-06-12 15:18:04,USER_013,PROD_034,['purchase'],Riyadh
2026-07-01 01:52:04,USER_172,PROD_030,['click'],Riyadh
2026-06-09 10:05:04,USER_026,PROD_004,['click'],Riyadh
2026-06-06 22:58:04,USER_061,PROD_005,['click'],Cairo
2026-06-04 09:20:04,USER_025,PROD_005,['purchase'],Riyadh
2026-06-28 21:18:04,USER_113,PROD_005,['purchase'],Dubai
2026-06-06 11:52:04,USER_192,PROD_049,['purchase'],Riyadh
2026-07-01 12:28:04,USER_164,PROD_037,['purchase'],Cairo
2026-06-10 05:30:04,USER_043,PROD_034,['click'],Dubai
2026-06-21 22:12:04,USER_054,PROD_028,['click'],Cairo
2026-07-01 13:11:04,USER_150,PROD_035,['click'],Dubai
2026-06-25 13:45:04,USER_001,PROD_023,['click'],Riyadh
2026-06-21 06:06:04,USER_157,PROD_027,['click'],Riyadh
2026-06-06 18:16:04,USER_042,PROD_050,['click'],Riyadh
2026-06-03 15:14:04,USER_163,PROD_018,['click'],Riyadh
2026-06-25 05:56:04,USER_066,PROD_050,['click'],Riyadh
2026-06-17 04:47:04,USER_182,PROD_017,['click'],Cairo
2026-06-14 21:53:04,USER_102,PROD_016,['click'],Cairo
2026-06-09 13:54:04,USER_078,PROD_016,['click'],Riyadh
2026-06-06 17:15:04,USER_031,PROD_017,['click'],Cairo
2026-07-01 12:24:04,USER_090,PROD_006,['click'],
2026-06-06 08:13:04,USER_181,PROD_026,['click'],Riyadh
2026-06-03 18:59:04,USER_109,PROD_049,['click'],Dubai
2026-06-06 09:13:04,USER_086,PROD_001,['click'],Dubai
2026-06-21 12:51:04,USER_148,PROD_033,['click'],Riyadh
2026-06-05 02:42:04,USER_147,PROD_011,['purchase'],Riyadh
2026-06-13 18:43:04,USER_030,PROD_009,['click'],Riyadh
2026-06-12 16:34:04,USER_078,PROD_039,['click'],Dubai
2026-06-11 08:21:04,USER_111,PROD_028,['purchase'],Riyadh
2026-06-07 02:30:04,USER_018,PROD_040,['click'],Dubai
2026-06-27 17:42:04,USER_084,PROD_022,['click'],Riyadh
2026-06-13 11:58:04,USER_136,PROD_045,['click'],Cairo
2026-06-19 11:17:04,USER_189,PROD_017,['click'],Riyadh
2026-06-27 16:10:04,USER_016,PROD_037,['click'],Dubai
2026-06-27 11:03:04,USER_183,PROD_024,['click'],Riyadh
2026-06-29 07:23:04,USER_130,PROD_043,['click'],
2026-06-10 14:11:04,USER_130,PROD_040,['click'],Riyadh
2026-06-17 05:53:04,USER_085,PROD_021,['click'],Riyadh
2026-06-26 03:40:04,USER_181,PROD_011,['click'],Riyadh
2026-06-27 06:11:04,USER_134,PROD_043,['purchase'],Riyadh
2026-06-15 13:49:04,USER_094,PROD_039,['click'],Dubai
2026-07-01 00:57:04,USER_035,PROD_050,['click'],Dubai
2026-06-21 06:32:04,USER_186,PROD_017,['click'],Cairo
2026-06-23 22:15:04,USER_017,PROD_006,['click'],Dubai
2026-06-30 00:17:04,USER_104,PROD_042,['click'],Riyadh
2026-06-11 13:43:04,USER_179,PROD_003,['purchase'],
2026-06-11 00:05:04,USER_010,PROD_037,['click'],Cairo
2026-06-02 05:04:04,USER_087,PROD_032,['click'],Dubai
2026-06-18 18:29:04,USER_003,PROD_005,['click'],Riyadh
2026-06-21 11:15:04,USER_194,PROD_015,['click'],Riyadh
2026-06-24 23:18:04,USER_151,PROD_048,['click'],Riyadh
2026-07-01 02:44:04,USER_088,PROD_027,['click'],
2026-06-05 15:14:04,USER_121,PROD_012,['click'],Riyadh
2026-06-01 15:53:04,USER_058,PROD_047,['click'],Cairo
2026-06-16 00:58:04,USER_193,PROD_004,['click'],Dubai
2026-06-22 12:12:04,USER_071,PROD_044,['purchase'],Cairo
2026-06-04 11:42:04,USER_171,PROD_033,['click'],Dubai
2026-07-01 01:38:04,USER_137,PROD_011,['click'],Dubai
2026-06-12 07:34:04,USER_109,PROD_025,['click'],Cairo
2026-06-08 13:31:04,USER_175,PROD_018,['purchase'],Riyadh
2026-06-12 17:31:04,USER_008,PROD_047,['click'],Riyadh
2026-06-30 16:36:04,USER_039,PROD_040,['purchase'],Dubai
2026-06-29 04:11:04,USER_116,PROD_012,['click'],Dubai
2026-06-09 06:11:04,USER_009,PROD_007,['click'],Riyadh
2026-06-26 12:17:04,USER_099,PROD_022,['click'],Dubai
2026-06-23 08:28:04,USER_053,PROD_049,['purchase'],Riyadh
2026-06-22 18:36:04,USER_154,PROD_039,['click'],Cairo
2026-06-16 20:21:04,USER_132,PROD_028,['click'],Dubai
2026-06-17 14:15:04,USER_160,PROD_022,['click'],Cairo
2026-06-07 23:04:04,USER_140,PROD_041,['click'],Cairo
2026-06-05 03:48:04,USER_076,PROD_009,['purchase'],Riyadh
2026-06-22 06:38:04,USER_019,PROD_028,['click'],Cairo
2026-06-20 13:22:04,USER_130,PROD_034,['click'],Dubai
2026-06-04 05:59:04,USER_061,PROD_049,['click'],Dubai
2026-06-19 19:54:04,USER_041,PROD_016,['click'],Dubai
2026-06-21 22:37:04,USER_065,PROD_010,['click'],Dubai
2026-06-03 16:17:04,USER_152,PROD_004,['click'],Riyadh
2026-06-19 23:44:04,USER_169,PROD_046,['click'],
2026-06-02 13:07:04,USER_141,PROD_006,['click'],Dubai
2026-06-21 16:10:04,USER_132,PROD_011,['click'],Riyadh
2026-06-06 15:52:04,USER_178,PROD_021,['click'],Dubai
2026-06-18 08:48:04,USER_166,PROD_044,['purchase'],Dubai
2026-06-12 20:42:04,USER_118,PROD_030,['click'],Dubai
2026-06-10 15:40:04,USER_114,PROD_050,['click'],Dubai
2026-06-15 15:34:04,USER_115,PROD_012,['purchase'],Dubai
2026-06-13 21:59:04,USER_161,PROD_032,['click'],Riyadh
2026-06-06 15:53:04,USER_083,PROD_005,['click'],Dubai
2026-06-11 16:43:04,USER_196,PROD_045,['click'],Dubai
2026-06-06 14:24:04,USER_144,PROD_036,['click'],Dubai
2026-06-07 08:48:04,USER_051,PROD_033,['click'],Dubai
2026-06-10 09:25:04,USER_072,PROD_049,['purchase'],Cairo
2026-06-15 06:12:04,USER_192,PROD_023,['purchase'],Dubai
2026-06-27 14:20:04,USER_053,PROD_020,['click'],Dubai
2026-06-10 22:13:04,USER_133,PROD_042,['purchase'],Cairo
2026-06-02 10:19:04,USER_186,PROD_042,['purchase'],Dubai
2026-06-13 21:08:04,USER_003,PROD_012,['click'],Cairo
2026-06-03 07:05:04,USER_130,PROD_043,['purchase'],Riyadh
2026-06-02 17:40:04,USER_002,PROD_027,['click'],Riyadh
2026-06-26 06:49:04,USER_016,PROD_006,['click'],Riyadh
2026-06-04 16:51:04,USER_137,PROD_037,['purchase'],Riyadh
2026-06-25 20:39:04,USER_102,PROD_008,['click'],Dubai
2026-06-30 11:52:04,USER_034,PROD_045,['click'],Riyadh
2026-06-19 09:09:04,USER_199,PROD_009,['purchase'],Dubai
2026-06-15 15:44:04,USER_028,PROD_032,['purchase'],Riyadh
2026-06-12 03:45:04,USER_155,PROD_025,['click'],Cairo
2026-06-27 13:05:04,USER_094,PROD_021,['click'],Cairo
2026-06-27 15:13:04,USER_157,PROD_005,['click'],Dubai
2026-06-24 14:20:04,USER_132,PROD_024,['purchase'],Dubai
2026-06-24 07:49:04,USER_004,PROD_042,['purchase'],Dubai
2026-06-28 19:09:04,USER_172,PROD_039,['click'],Riyadh
2026-06-10 11:06:04,USER_099,PROD_039,['purchase'],Dubai
2026-07-01 01:10:04,USER_099,PROD_030,['purchase'],Dubai
2026-06-28 04:29:04,USER_145,PROD_040,['click'],Dubai
2026-06-25 06:35:04,USER_069,PROD_007,['purchase'],Cairo
2026-06-23 12:23:04,USER_075,PROD_048,['click'],Dubai
2026-06-21 01:36:04,USER_196,PROD_045,['purchase'],Riyadh
2026-06-12 15:38:04,USER_064,PROD_018,['click'],Dubai
2026-06-30 05:53:04,USER_105,PROD_039,['click'],
2026-06-17 20:21:04,USER_114,PROD_022,['purchase'],Dubai
2026-06-05 05:31:04,USER_080,PROD_008,['click'],Riyadh
2026-06-17 14:48:04,USER_060,PROD_031,['click'],Riyadh
2026-06-10 06:02:04,USER_004,PROD_018,['click'],Dubai
2026-06-18 21:17:04,USER_082,PROD_022,['click'],Riyadh
2026-06-14 21:50:04,USER_083,PROD_018,['click'],Riyadh
2026-06-22 18:45:04,USER_107,PROD_003,['click'],Riyadh
2026-06-13 07:21:04,USER_159,PROD_043,['click'],Riyadh
2026-06-14 18:58:04,USER_168,PROD_001,['click'],Riyadh
2026-06-25 08:30:04,USER_178,PROD_036,['click'],Riyadh
2026-06-14 04:02:04,USER_088,PROD_049,['click'],Riyadh
2026-06-22 03:53:04,USER_030,PROD_003,['purchase'],Dubai
2026-06-08 11:52:04,USER_049,PROD_011,['click'],Dubai
2026-06-17 20:28:04,USER_152,PROD_021,['click'],
2026-06-03 04:24:04,USER_029,PROD_006,['click'],
2026-06-13 21:08:04,USER_169,PROD_029,['click'],Dubai
2026-06-09 19:26:04,USER_104,PROD_031,['click'],Dubai
2026-06-16 20:19:04,USER_106,PROD_029,['click'],Riyadh
2026-06-15 08:25:04,USER_094,PROD_049,['purchase'],Cairo
2026-06-21 01:08:04,USER_148,PROD_010,['click'],Cairo
2026-06-17 20:45:04,USER_079,PROD_048,['click'],Dubai
2026-06-24 19:08:04,USER_045,PROD_031,['click'],Dubai
2026-06-08 17:14:04,USER_011,PROD_033,['click'],Cairo
2026-06-17 22:23:04,USER_184,PROD_043,['click'],Riyadh
2026-06-09 13:14:04,USER_007,PROD_026,['purchase'],Dubai
2026-06-04 09:41:04,USER_072,PROD_024,['click'],Riyadh
2026-06-09 07:23:04,USER_011,PROD_041,['click'],Dubai
2026-06-05 09:19:04,USER_069,PROD_050,['click'],Dubai
2026-06-27 12:51:04,USER_093,PROD_037,['click'],Dubai
2026-06-13 12:18:04,USER_181,PROD_034,['purchase'],
2026-06-07 22:39:04,USER_187,PROD_035,['purchase'],Dubai
2026-06-14 06:01:04,USER_084,PROD_015,['click'],Dubai
2026-06-30 13:02:04,USER_123,PROD_007,['click'],Dubai
2026-06-27 14:51:04,USER_045,PROD_023,['click'],Riyadh
2026-06-14 11:42:04,USER_112,PROD_018,['click'],Cairo
2026-06-19 21:37:04,USER_173,PROD_043,['purchase'],
2026-06-16 23:11:04,USER_148,PROD_048,['purchase'],Dubai
2026-06-05 01:54:04,USER_150,PROD_043,['click'],Dubai
2026-06-03 22:44:04,USER_099,PROD_022,['click'],Riyadh
2026-06-27 07:22:04,USER_159,PROD_014,['click'],Riyadh
2026-06-28 18:42:04,USER_102,PROD_024,['click'],
2026-06-28 01:56:04,USER_029,PROD_005,['click'],Riyadh
2026-06-28 16:04:04,USER_166,PROD_013,['click'],Dubai
2026-06-10 01:36:04,USER_138,PROD_002,['click'],Dubai
2026-06-20 11:33:04,USER_109,PROD_038,['click'],
2026-06-09 02:57:04,USER_066,PROD_007,['click'],Riyadh
2026-06-13 13:19:04,USER_092,PROD_045,['click'],Riyadh
2026-06-02 06:39:04,USER_198,PROD_046,['click'],Dubai
2026-06-12 22:17:04,USER_179,PROD_038,['click'],Riyadh
2026-06-20 22:23:04,USER_150,PROD_029,['purchase'],Riyadh
2026-06-17 23:10:04,USER_069,PROD_045,['click'],Dubai
2026-06-26 14:06:04,USER_175,PROD_036,['click'],Dubai
2026-06-26 20:55:04,USER_065,PROD_014,['purchase'],Riyadh
2026-06-07 13:09:04,USER_172,PROD_014,['click'],Riyadh
2026-06-28 01:57:04,USER_144,PROD_008,['purchase'],Riyadh
2026-06-26 15:16:04,USER_192,PROD_050,['click'],Riyadh
2026-06-02 11:51:04,USER_036,PROD_001,['click'],Dubai
2026-06-18 01:20:04,USER_179,PROD_040,['click'],Dubai
2026-06-13 06:01:04,USER_001,PROD_045,['click'],Dubai
2026-06-12 08:46:04,USER_030,PROD_024,['purchase'],Dubai
2026-06-06 13:43:04,USER_197,PROD_027,['click'],Cairo
2026-06-25 10:49:04,USER_165,PROD_020,['click'],Cairo
2026-06-04 21:44:04,USER_177,PROD_044,['click'],Dubai
2026-06-22 15:13:04,USER_101,PROD_030,['click'],Dubai
2026-06-03 16:12:04,USER_118,PROD_006,['click'],Riyadh
2026-06-18 06:24:04,USER_180,PROD_004,['click'],Dubai
2026-06-10 11:59:04,USER_142,PROD_032,['purchase'],Dubai
2026-06-15 12:35:04,USER_104,PROD_010,['click'],Dubai
2026-07-01 08:41:04,USER_195,PROD_005,['click'],Dubai
2026-06-24 09:43:04,USER_102,PROD_002,['click'],Dubai
2026-06-29 04:56:04,USER_188,PROD_012,['click'],Riyadh
2026-06-18 01:01:04,USER_196,PROD_018,['click'],Dubai
2026-06-07 13:02:04,USER_059,PROD_024,['click'],Riyadh
2026-06-27 19:49:04,USER_160,PROD_002,['click'],Dubai
2026-06-19 21:47:04,USER_044,PROD_006,['click'],Riyadh
2026-06-12 02:51:04,USER_064,PROD_013,['click'],Cairo
2026-06-09 13:34:04,USER_129,PROD_033,['purchase'],Riyadh
2026-06-09 11:01:04,USER_186,PROD_032,['click'],Cairo
2026-06-06 17:38:04,USER_138,PROD_018,['click'],Cairo
2026-06-27 23:43:04,USER_047,PROD_034,['click'],Riyadh
2026-06-03 22:42:04,USER_029,PROD_050,['click'],Cairo
2026-06-07 22:13:04,USER_056,PROD_009,['click'],Dubai
2026-06-23 01:39:04,USER_058,PROD_026,['purchase'],Dubai
2026-06-24 00:47:04,USER_178,PROD_021,['click'],Riyadh
2026-06-29 02:59:04,USER_095,PROD_004,['click'],Riyadh
2026-06-11 21:04:04,USER_011,PROD_036,['click'],Cairo
2026-06-02 10:48:04,USER_126,PROD_019,['click'],Riyadh
2026-06-11 01:10:04,USER_081,PROD_015,['click'],Riyadh
2026-06-04 06:52:04,USER_070,PROD_046,['purchase'],Cairo
2026-06-10 19:37:04,USER_113,PROD_030,['click'],Dubai
2026-06-23 20:07:04,USER_052,PROD_001,['click'],Cairo
2026-06-14 02:57:04,USER_130,PROD_048,['click'],Dubai
2026-06-06 14:26:04,USER_061,PROD_004,['click'],Dubai
2026-06-14 04:11:04,USER_128,PROD_049,['click'],Dubai
2026-06-06 17:55:04,USER_141,PROD_005,['click'],Riyadh
2026-06-17 17:38:04,USER_173,PROD_034,['click'],Dubai
2026-06-19 00:47:04,USER_091,PROD_034,['click'],Dubai
2026-06-29 04:57:04,USER_049,PROD_009,['purchase'],Dubai
2026-06-21 13:48:04,USER_165,PROD_040,['purchase'],Riyadh
2026-06-20 13:04:04,USER_154,PROD_024,['click'],Dubai
2026-06-11 08:38:04,USER_106,PROD_044,['click'],Dubai
2026-06-27 07:42:04,USER_013,PROD_034,['click'],
2026-06-07 07:05:04,USER_088,PROD_037,['click'],Dubai
2026-06-18 11:00:04,USER_100,PROD_004,['click'],Riyadh
2026-06-11 00:36:04,USER_003,PROD_009,['purchase'],Riyadh
2026-06-30 14:16:04,USER_044,PROD_028,['click'],Riyadh
2026-06-18 05:17:04,USER_137,PROD_032,['click'],
2026-06-22 09:23:04,USER_052,PROD_007,['purchase'],Dubai
2026-06-29 06:18:04,USER_154,PROD_012,['click'],Dubai
2026-06-09 01:33:04,USER_179,PROD_017,['click'],Dubai
2026-06-12 15:52:04,USER_082,PROD_042,['click'],Dubai
2026-06-08 17:43:04,USER_054,PROD_012,['click'],Riyadh
2026-06-24 06:32:04,USER_084,PROD_027,['click'],Dubai
2026-06-18 03:22:04,USER_116,PROD_039,['click'],Riyadh
2026-06-30 19:13:04,USER_007,PROD_029,['click'],Dubai
2026-06-29 05:34:04,USER_067,PROD_048,['click'],Dubai
2026-06-24 21:14:04,USER_038,PROD_018,['click'],Cairo
2026-06-28 20:27:04,USER_191,PROD_003,['click'],Riyadh
2026-06-19 16:45:04,USER_072,PROD_043,['click'],Riyadh
2026-06-10 14:11:04,USER_019,PROD_007,['click'],Riyadh
2026-06-20 00:34:04,USER_143,PROD_022,['click'],Dubai
2026-06-21 22:53:04,USER_172,PROD_014,['click'],Dubai
2026-06-22 10:48:04,USER_063,PROD_004,['click'],Riyadh
2026-06-09 23:02:04,USER_089,PROD_022,['click'],Dubai
2026-06-06 04:19:04,USER_090,PROD_037,['click'],Cairo
2026-06-07 18:18:04,USER_039,PROD_018,['click'],Riyadh
2026-06-23 18:49:04,USER_130,PROD_028,['click'],Riyadh
2026-06-11 20:25:04,USER_172,PROD_025,['click'],Dubai
2026-06-12 09:17:04,USER_018,PROD_045,['click'],Dubai
2026-06-29 03:59:04,USER_188,PROD_005,['purchase'],Riyadh
2026-06-10 09:17:04,USER_155,PROD_007,['click'],
2026-06-04 15:48:04,USER_166,PROD_047,['purchase'],Riyadh
2026-06-28 06:42:04,USER_045,PROD_046,['click'],Dubai
2026-06-24 14:34:04,USER_058,PROD_016,['click'],
2026-06-09 04:42:04,USER_062,PROD_050,['click'],Riyadh
2026-06-01 23:55:04,USER_002,PROD_018,['click'],Dubai
2026-06-05 00:47:04,USER_116,PROD_050,['click'],Dubai
2026-06-15 07:16:04,USER_092,PROD_027,['click'],Riyadh
2026-06-20 22:26:04,USER_042,PROD_003,['click'],Cairo
2026-06-28 09:52:04,USER_068,PROD_030,['click'],Riyadh
2026-06-28 00:46:04,USER_104,PROD_031,['click'],Dubai
2026-06-29 19:26:04,USER_059,PROD_032,['click'],Cairo
2026-06-13 12:08:04,USER_002,PROD_010,['click'],Dubai
2026-06-13 16:44:04,USER_179,PROD_037,['purchase'],Riyadh
2026-06-27 23:46:04,USER_184,PROD_035,['purchase'],Riyadh
2026-06-16 16:59:04,USER_010,PROD_001,['click'],Dubai
2026-06-03 21:43:04,USER_161,PROD_013,['click'],Riyadh
2026-06-02 01:27:04,USER_006,PROD_027,['click'],Riyadh
2026-06-07 18:08:04,USER_119,PROD_022,['click'],Dubai
2026-06-28 19:05:04,USER_193,PROD_026,['click'],Dubai
2026-06-06 17:00:04,USER_042,PROD_048,['click'],Riyadh
2026-06-07 09:30:04,USER_124,PROD_044,['click'],Dubai
2026-06-25 18:45:04,USER_103,PROD_016,['click'],Riyadh
2026-07-01 06:31:04,USER_022,PROD_016,['click'],Riyadh
2026-06-22 23:26:04,USER_123,PROD_035,['click'],Dubai
2026-06-14 08:29:04,USER_125,PROD_027,['click'],Cairo
2026-06-23 10:51:04,USER_070,PROD_042,['click'],Riyadh
2026-06-10 20:19:04,USER_058,PROD_027,['click'],Dubai
2026-06-09 04:00:04,USER_149,PROD_038,['click'],Dubai
2026-06-19 14:17:04,USER_001,PROD_005,['purchase'],Cairo
2026-06-25 15:41:04,USER_071,PROD_006,['click'],Dubai
2026-06-10 19:03:04,USER_177,PROD_022,['click'],Riyadh
2026-06-19 14:51:04,USER_045,PROD_035,['click'],Dubai
2026-06-16 23:31:04,USER_124,PROD_043,['click'],Dubai
2026-06-13 22:30:04,USER_035,PROD_017,['click'],Dubai
2026-06-19 13:55:04,USER_043,PROD_006,['click'],Riyadh
2026-06-04 11:41:04,USER_090,PROD_002,['click'],Dubai
2026-06-18 12:25:04,USER_146,PROD_030,['purchase'],Dubai
2026-06-25 18:03:04,USER_148,PROD_049,['click'],Riyadh
2026-06-24 17:49:04,USER_063,PROD_003,['click'],Dubai
2026-06-24 10:58:04,USER_143,PROD_008,['click'],Riyadh
2026-06-11 16:55:04,USER_147,PROD_024,['purchase'],Riyadh
2026-06-06 16:45:04,USER_023,PROD_050,['click'],Dubai
2026-06-18 05:42:04,USER_069,PROD_017,['click'],Dubai
2026-06-17 04:40:04,USER_055,PROD_028,['click'],Riyadh
2026-06-09 16:50:04,USER_039,PROD_010,['click'],Dubai
2026-06-10 21:52:04,USER_195,PROD_023,['click'],Riyadh
2026-06-04 09:39:04,USER_056,PROD_020,['purchase'],Cairo
2026-06-05 11:08:04,USER_125,PROD_008,['click'],Dubai
2026-06-03 13:14:04,USER_107,PROD_049,['click'],Riyadh
2026-06-26 17:22:04,USER_043,PROD_049,['click'],Dubai
2026-06-06 16:39:04,USER_137,PROD_047,['click'],Dubai
2026-06-14 21:40:04,USER_170,PROD_041,['click'],Riyadh
2026-06-22 19:42:04,USER_093,PROD_050,['click'],
2026-06-06 11:58:04,USER_086,PROD_041,['click'],Dubai
2026-06-29 18:07:04,USER_141,PROD_017,['click'],Dubai
2026-06-09 12:33:04,USER_137,PROD_036,['click'],Dubai
2026-06-07 17:16:04,USER_080,PROD_009,['click'],Riyadh
2026-07-01 10:09:04,USER_037,PROD_005,['click'],Cairo
2026-06-18 03:22:04,USER_151,PROD_031,['purchase'],Riyadh
2026-06-02 14:37:04,USER_083,PROD_045,['click'],Cairo
2026-06-10 15:15:04,USER_083,PROD_028,['click'],Dubai
2026-06-03 06:42:04,USER_050,PROD_047,['click'],Riyadh
2026-06-22 08:10:04,USER_074,PROD_050,['click'],Riyadh
2026-06-27 09:28:04,USER_143,PROD_042,['click'],Dubai
2026-06-01 20:04:04,USER_163,PROD_050,['click'],Riyadh
2026-06-06 01:43:04,USER_009,PROD_043,['click'],Riyadh
2026-06-10 09:26:04,USER_172,PROD_012,['click'],
2026-06-03 11:25:04,USER_031,PROD_015,['click'],Dubai
2026-06-23 03:47:04,USER_009,PROD_040,['click'],Dubai
2026-06-24 02:04:04,USER_118,PROD_038,['click'],Riyadh
2026-06-26 03:34:04,USER_040,PROD_035,['purchase'],Riyadh
2026-06-02 22:29:04,USER_145,PROD_044,['click'],Riyadh
2026-06-11 19:05:04,USER_170,PROD_027,['click'],Dubai
2026-06-02 23:03:04,USER_181,PROD_043,['click'],Dubai
2026-06-03 01:36:04,USER_026,PROD_032,['click'],Dubai
2026-06-23 21:00:04,USER_078,PROD_020,['purchase'],Cairo
2026-06-11 20:59:04,USER_077,PROD_027,['click'],Riyadh
2026-06-13 09:25:04,USER_197,PROD_040,['purchase'],Dubai
2026-06-02 09:15:04,USER_022,PROD_007,['click'],Dubai
2026-06-03 21:15:04,USER_060,PROD_044,['click'],Riyadh
2026-06-26 16:23:04,USER_172,PROD_003,['click'],Cairo
2026-06-13 19:20:04,USER_192,PROD_008,['click'],Dubai
2026-06-11 07:46:04,USER_137,PROD_041,['click'],Dubai
2026-06-08 00:47:04,USER_157,PROD_020,['purchase'],Dubai
2026-06-16 09:55:04,USER_052,PROD_047,['click'],Riyadh
2026-06-21 16:27:04,USER_131,PROD_038,['click'],Dubai
2026-06-06 02:13:04,USER_048,PROD_045,['click'],Riyadh
2026-06-15 07:05:04,USER_015,PROD_005,['click'],Dubai
2026-06-21 12:05:04,USER_055,PROD_018,['click'],Riyadh
2026-06-15 14:27:04,USER_161,PROD_018,['click'],Dubai
2026-06-25 03:12:04,USER_195,PROD_036,['click'],Cairo
2026-06-10 01:13:04,USER_107,PROD_032,['click'],Dubai
2026-06-12 05:23:04,USER_036,PROD_044,['click'],Dubai
2026-06-25 13:59:04,USER_125,PROD_041,['click'],Dubai
2026-06-22 16:19:04,USER_054,PROD_028,['click'],Dubai
2026-06-19 20:34:04,USER_173,PROD_032,['click'],Dubai
2026-06-10 07:51:04,USER_188,PROD_022,['click'],Cairo
2026-06-14 18:18:04,USER_187,PROD_042,['purchase'],Cairo
2026-06-24 07:24:04,USER_179,PROD_039,['click'],Riyadh
2026-06-07 06:08:04,USER_089,PROD_021,['purchase'],Riyadh
2026-06-21 09:07:04,USER_055,PROD_032,['click'],Riyadh
2026-06-11 04:25:04,USER_126,PROD_043,['click'],Dubai
2026-06-10 14:05:04,USER_089,PROD_050,['click'],Cairo
2026-06-22 09:03:04,USER_006,PROD_042,['click'],Cairo
2026-06-26 18:54:04,USER_138,PROD_008,['click'],Riyadh
2026-06-30 15:33:04,USER_121,PROD_030,['click'],Dubai
2026-06-15 18:52:04,USER_131,PROD_017,['click'],Dubai
2026-06-04 05:32:04,USER_063,PROD_017,['click'],Cairo
2026-06-20 03:17:04,USER_166,PROD_040,['click'],Riyadh
2026-07-01 11:35:04,USER_191,PROD_026,['click'],
2026-06-06 01:43:04,USER_088,PROD_012,['purchase'],Riyadh
2026-06-20 15:34:04,USER_013,PROD_010,['click'],Riyadh
2026-06-12 03:49:04,USER_075,PROD_009,['click'],Dubai
2026-06-10 21:42:04,USER_162,PROD_050,['click'],Cairo
2026-06-14 22:08:04,USER_128,PROD_003,['click'],Dubai
2026-06-29 06:52:04,USER_117,PROD_025,['click'],Dubai
2026-06-20 21:18:04,USER_147,PROD_045,['purchase'],Riyadh
2026-06-12 16:04:04,USER_181,PROD_047,['click'],Riyadh
2026-06-20 16:43:04,USER_060,PROD_027,['click'],Dubai
2026-06-29 10:11:04,USER_151,PROD_045,['click'],Riyadh
2026-06-18 02:22:04,USER_170,PROD_041,['click'],Riyadh
2026-06-24 08:59:04,USER_002,PROD_009,['click'],Riyadh
2026-06-03 23:32:04,USER_011,PROD_050,['click'],Dubai
2026-06-17 23:39:04,USER_200,PROD_006,['click'],Riyadh
2026-06-12 16:09:04,USER_013,PROD_030,['click'],Riyadh
2026-06-27 15:36:04,USER_011,PROD_008,['click'],Riyadh
2026-06-19 04:02:04,USER_107,PROD_027,['click'],Riyadh
2026-06-08 02:43:04,USER_031,PROD_019,['click'],
2026-06-26 13:30:04,USER_036,PROD_026,['click'],Dubai
2026-06-24 18:13:04,USER_161,PROD_049,['purchase'],Riyadh
2026-06-15 12:49:04,USER_078,PROD_049,['click'],Riyadh
2026-06-22 20:19:04,USER_056,PROD_022,['click'],Cairo
2026-06-27 21:16:04,USER_108,PROD_043,['click'],Dubai
2026-06-18 07:51:04,USER_074,PROD_048,['purchase'],Cairo
2026-06-03 22:04:04,USER_175,PROD_025,['click'],Riyadh
2026-06-22 17:24:04,USER_194,PROD_050,['purchase'],Riyadh
2026-06-06 18:36:04,USER_200,PROD_044,['purchase'],Dubai
2026-06-30 19:37:04,USER_024,PROD_050,['purchase'],Dubai
2026-06-05 20:22:04,USER_174,PROD_009,['click'],Cairo
2026-06-05 21:20:04,USER_155,PROD_048,['click'],Cairo
2026-06-14 01:01:04,USER_043,PROD_035,['purchase'],Riyadh
2026-06-18 07:56:04,USER_045,PROD_036,['purchase'],Dubai
2026-06-30 01:21:04,USER_099,PROD_029,['click'],
2026-06-26 00:20:04,USER_100,PROD_046,['click'],Riyadh
2026-06-27 13:03:04,USER_194,PROD_027,['click'],Riyadh
2026-06-14 03:40:04,USER_035,PROD_043,['click'],Riyadh
2026-06-20 08:19:04,USER_009,PROD_003,['click'],Dubai
2026-06-09 17:17:04,USER_138,PROD_003,['click'],Dubai
2026-06-30 12:58:04,USER_054,PROD_006,['purchase'],Dubai
2026-06-26 19:19:04,USER_062,PROD_007,['click'],Dubai
2026-06-28 16:36:04,USER_082,PROD_007,['click'],Riyadh
2026-06-11 04:46:04,USER_031,PROD_048,['click'],Dubai
2026-06-02 19:22:04,USER_134,PROD_008,['click'],
2026-06-15 16:31:04,USER_128,PROD_009,['click'],
2026-06-09 23:59:04,USER_196,PROD_011,['click'],Dubai
2026-06-16 23:28:04,USER_059,PROD_001,['purchase'],Cairo
2026-06-22 01:25:04,USER_054,PROD_019,['click'],Dubai
2026-06-07 07:26:04,USER_049,PROD_043,['click'],Riyadh
2026-06-17 14:49:04,USER_052,PROD_050,['click'],Cairo
2026-06-07 16:39:04,USER_034,PROD_020,['purchase'],Dubai
2026-06-20 11:36:04,USER_112,PROD_010,['click'],Riyadh
2026-06-25 05:11:04,USER_023,PROD_046,['click'],Dubai
2026-06-14 01:05:04,USER_044,PROD_034,['click'],Riyadh
2026-06-07 04:44:04,USER_089,PROD_038,['click'],Dubai
2026-06-02 23:34:04,USER_192,PROD_005,['click'],Riyadh
2026-06-18 15:57:04,USER_176,PROD_026,['click'],Riyadh
2026-06-21 21:13:04,USER_098,PROD_034,['click'],Cairo
2026-06-08 04:04:04,USER_047,PROD_045,['click'],Dubai
2026-06-25 20:41:04,USER_058,PROD_006,['purchase'],Dubai
2026-06-14 07:06:04,USER_161,PROD_011,['purchase'],Riyadh
2026-06-23 14:09:04,USER_001,PROD_030,['click'],
2026-06-18 05:21:04,USER_068,PROD_002,['click'],Dubai
2026-06-07 21:58:04,USER_179,PROD_017,['click'],Dubai
2026-06-11 15:28:04,USER_024,PROD_013,['click'],Cairo
2026-06-18 03:28:04,USER_174,PROD_021,['purchase'],Riyadh
2026-06-01 20:04:04,USER_080,PROD_008,['click'],
2026-06-12 15:25:04,USER_059,PROD_019,['purchase'],Riyadh
2026-06-25 16:16:04,USER_195,PROD_048,['click'],Riyadh
2026-06-19 22:48:04,USER_128,PROD_039,['click'],Cairo
2026-06-04 13:55:04,USER_082,PROD_031,['click'],Riyadh
2026-06-26 20:48:04,USER_064,PROD_007,['purchase'],Dubai
2026-07-01 08:10:04,USER_065,PROD_017,['click'],Cairo
2026-06-15 19:56:04,USER_031,PROD_030,['click'],Dubai
2026-06-10 17:17:04,USER_078,PROD_002,['purchase'],Riyadh
2026-06-18 03:04:04,USER_103,PROD_044,['click'],Riyadh
2026-06-20 10:34:04,USER_074,PROD_050,['click'],Dubai
2026-06-14 22:43:04,USER_176,PROD_018,['click'],Riyadh
2026-06-15 07:53:04,USER_159,PROD_042,['click'],Riyadh
2026-06-23 17:25:04,USER_037,PROD_046,['click'],Dubai
2026-06-07 23:50:04,USER_112,PROD_047,['click'],
2026-06-16 09:48:04,USER_118,PROD_037,['purchase'],Riyadh
2026-06-13 06:52:04,USER_136,PROD_045,['purchase'],Dubai
2026-06-23 04:07:04,USER_018,PROD_032,['click'],Riyadh
2026-06-25 02:27:04,USER_076,PROD_010,['click'],Riyadh
2026-06-15 08:30:04,USER_092,PROD_049,['click'],Riyadh
2026-06-26 14:01:04,USER_189,PROD_024,['click'],Dubai
2026-06-28 06:42:04,USER_154,PROD_047,['purchase'],Cairo
2026-06-07 06:19:04,USER_192,PROD_043,['click'],Riyadh
2026-06-22 02:09:04,USER_124,PROD_041,['purchase'],Dubai
2026-06-23 05:59:04,USER_121,PROD_020,['click'],Cairo
2026-06-11 01:55:04,USER_022,PROD_019,['click'],Dubai
2026-06-14 16:20:04,USER_032,PROD_004,['click'],Dubai
2026-06-12 21:42:04,USER_136,PROD_001,['click'],Riyadh
2026-06-05 12:18:04,USER_072,PROD_024,['purchase'],Dubai
2026-06-13 20:01:04,USER_185,PROD_022,['click'],Riyadh
2026-06-20 11:49:04,USER_089,PROD_035,['click'],Riyadh
2026-06-29 00:01:04,USER_137,PROD_023,['click'],Dubai
2026-06-20 15:07:04,USER_164,PROD_026,['click'],
2026-06-05 12:44:04,USER_015,PROD_046,['click'],Dubai
2026-06-20 11:14:04,USER_183,PROD_049,['click'],Dubai
2026-06-29 05:39:04,USER_163,PROD_019,['click'],Dubai
2026-06-11 21:47:04,USER_150,PROD_039,['click'],Dubai
2026-06-11 03:05:04,USER_051,PROD_050,['click'],Dubai
2026-06-28 21:38:04,USER_193,PROD_039,['click'],Dubai
2026-06-06 09:07:04,USER_139,PROD_037,['click'],Dubai
2026-06-26 20:19:04,USER_067,PROD_012,['click'],Dubai
2026-06-20 00:38:04,USER_153,PROD_037,['click'],Riyadh
2026-06-17 17:59:04,USER_005,PROD_001,['click'],Dubai
2026-06-28 05:17:04,USER_102,PROD_031,['purchase'],Riyadh
2026-06-17 00:17:04,USER_081,PROD_040,['click'],Dubai
2026-06-06 01:29:04,USER_041,PROD_025,['click'],Riyadh
2026-06-17 16:31:04,USER_188,PROD_023,['purchase'],Cairo
2026-06-18 14:58:04,USER_011,PROD_020,['click'],Dubai
2026-06-15 03:01:04,USER_135,PROD_041,['click'],Dubai
2026-06-25 11:42:04,USER_146,PROD_045,['click'],
2026-06-15 14:42:04,USER_009,PROD_029,['purchase'],Dubai
2026-06-29 15:56:04,USER_016,PROD_005,['click'],Riyadh
2026-06-20 05:29:04,USER_153,PROD_034,['click'],Dubai
2026-06-26 07:54:04,USER_153,PROD_036,['click'],Riyadh
2026-06-06 06:49:04,USER_152,PROD_013,['click'],Riyadh
2026-06-19 06:43:04,USER_040,PROD_015,['purchase'],Dubai
2026-06-18 09:51:04,USER_157,PROD_027,['purchase'],Dubai
2026-06-08 19:54:04,USER_095,PROD_023,['click'],Dubai
2026-06-10 07:13:04,USER_162,PROD_036,['purchase'],Riyadh
2026-06-27 00:36:04,USER_025,PROD_028,['click'],Dubai
2026-06-02 13:36:04,USER_085,PROD_021,['click'],Dubai
2026-06-08 04:55:04,USER_144,PROD_032,['click'],Riyadh
2026-06-19 11:22:04,USER_133,PROD_023,['click'],Riyadh
2026-06-11 03:55:04,USER_031,PROD_013,['click'],Riyadh
2026-06-20 04:09:04,USER_135,PROD_012,['click'],
2026-06-29 04:21:04,USER_069,PROD_015,['click'],Dubai
2026-06-27 06:48:04,USER_032,PROD_003,['purchase'],Cairo
2026-06-04 07:15:04,USER_055,PROD_029,['click'],Dubai
2026-06-03 16:47:04,USER_145,PROD_018,['click'],Dubai
2026-06-22 03:37:04,USER_153,PROD_002,['click'],Riyadh
2026-06-18 08:44:04,USER_148,PROD_034,['click'],
2026-06-16 12:03:04,USER_134,PROD_025,['click'],Cairo
2026-06-20 08:37:04,USER_124,PROD_012,['click'],Dubai
2026-06-20 16:13:04,USER_023,PROD_034,['click'],Riyadh
2026-06-27 19:15:04,USER_015,PROD_004,['click'],Riyadh
2026-06-12 22:26:04,USER_098,PROD_002,['click'],Cairo
2026-06-24 17:03:04,USER_006,PROD_042,['click'],Dubai
2026-06-23 23:27:04,USER_108,PROD_025,['click'],Riyadh
2026-06-04 08:59:04,USER_124,PROD_018,['click'],Riyadh
2026-06-27 08:00:04,USER_108,PROD_044,['click'],Dubai
2026-06-13 11:31:04,USER_188,PROD_028,['click'],Riyadh
2026-06-28 14:25:04,USER_146,PROD_009,['purchase'],Riyadh
2026-06-23 14:34:04,USER_174,PROD_009,['purchase'],
2026-06-03 00:39:04,USER_004,PROD_039,['click'],Cairo
2026-06-24 20:57:04,USER_095,PROD_025,['click'],Riyadh
2026-06-21 09:23:04,USER_192,PROD_035,['click'],Riyadh
2026-07-01 12:14:04,USER_110,PROD_047,['click'],Riyadh
2026-06-09 02:43:04,USER_089,PROD_048,['click'],Cairo
2026-06-29 13:55:04,USER_126,PROD_045,['purchase'],
2026-06-09 15:39:04,USER_113,PROD_007,['click'],Dubai
2026-06-08 08:26:04,USER_188,PROD_008,['click'],Riyadh
2026-06-06 06:23:04,USER_078,PROD_032,['purchase'],Dubai
2026-06-04 20:23:04,USER_144,PROD_049,['click'],Dubai
2026-06-23 09:22:04,USER_040,PROD_020,['click'],Cairo
2026-06-29 05:13:04,USER_092,PROD_018,['click'],Riyadh
2026-06-10 07:25:04,USER_072,PROD_028,['click'],Dubai
2026-06-06 01:59:04,USER_126,PROD_007,['click'],Dubai
2026-06-13 19:02:04,USER_189,PROD_043,['click'],Riyadh
2026-06-03 18:04:04,USER_089,PROD_034,['purchase'],Dubai
2026-06-22 14:56:04,USER_094,PROD_027,['click'],Riyadh
2026-06-13 08:46:04,USER_187,PROD_030,['click'],Dubai
2026-06-11 21:27:04,USER_118,PROD_040,['click'],Cairo
2026-06-20 11:30:04,USER_169,PROD_038,['click'],Riyadh
2026-07-01 06:58:04,USER_081,PROD_011,['click'],Riyadh
2026-06-29 11:53:04,USER_090,PROD_037,['click'],Riyadh
2026-06-05 12:52:04,USER_118,PROD_015,['click'],Riyadh
2026-06-12 03:06:04,USER_172,PROD_021,['click'],Cairo
2026-06-19 03:13:04,USER_137,PROD_042,['click'],Dubai
2026-07-01 03:39:04,USER_127,PROD_040,['purchase'],Riyadh
2026-06-24 09:33:04,USER_100,PROD_041,['click'],
2026-06-21 07:34:04,USER_033,PROD_041,['click'],Riyadh
2026-06-05 01:22:04,USER_014,PROD_044,['click'],Dubai
2026-06-10 06:45:04,USER_170,PROD_036,['click'],Riyadh
2026-06-03 14:36:04,USER_084,PROD_042,['purchase'],Riyadh
2026-06-08 16:40:04,USER_194,PROD_027,['click'],Dubai
2026-06-10 04:55:04,USER_067,PROD_021,['click'],Dubai
2026-06-14 11:51:04,USER_008,PROD_014,['purchase'],Dubai
2026-06-02 07:45:04,USER_094,PROD_046,['click'],Riyadh
2026-06-05 17:30:04,USER_176,PROD_025,['click'],Cairo
2026-06-17 06:40:04,USER_118,PROD_019,['click'],Riyadh
2026-06-09 08:52:04,USER_017,PROD_026,['purchase'],Riyadh
2026-06-11 11:51:04,USER_121,PROD_018,['click'],Riyadh
2026-06-29 21:56:04,USER_147,PROD_043,['click'],Dubai
2026-06-20 06:43:04,USER_183,PROD_017,['click'],Riyadh
2026-06-04 20:34:04,USER_066,PROD_048,['click'],Riyadh
2026-06-13 08:34:04,USER_198,PROD_019,['purchase'],Dubai
2026-06-25 18:43:04,USER_020,PROD_003,['click'],Cairo
2026-06-15 04:19:04,USER_041,PROD_033,['purchase'],Riyadh
2026-06-21 14:41:04,USER_178,PROD_037,['click'],Cairo
2026-06-13 23:43:04,USER_191,PROD_038,['purchase'],Cairo
2026-06-13 17:48:04,USER_183,PROD_030,['click'],Dubai
2026-06-03 12:41:04,USER_199,PROD_032,['click'],Dubai
2026-06-03 21:58:04,USER_028,PROD_034,['click'],Riyadh
2026-06-06 02:31:04,USER_077,PROD_033,['click'],Riyadh
2026-06-11 18:40:04,USER_179,PROD_027,['click'],Riyadh
2026-06-06 03:50:04,USER_093,PROD_042,['purchase'],Riyadh
2026-06-27 02:14:04,USER_075,PROD_003,['click'],Riyadh
2026-06-20 11:40:04,USER_075,PROD_028,['purchase'],Riyadh
2026-06-12 12:58:04,USER_138,PROD_020,['click'],Dubai
2026-06-17 13:44:04,USER_027,PROD_041,['purchase'],Dubai
2026-06-30 04:37:04,USER_069,PROD_049,['purchase'],Riyadh
2026-06-05 17:14:04,USER_119,PROD_032,['click'],Riyadh
2026-06-01 16:13:04,USER_160,PROD_011,['click'],Riyadh
2026-06-02 20:14:04,USER_114,PROD_028,['purchase'],Dubai
2026-06-19 11:43:04,USER_064,PROD_015,['click'],Riyadh
2026-06-11 22:26:04,USER_056,PROD_012,['click'],Dubai
2026-06-17 11:10:04,USER_009,PROD_036,['click'],Dubai
2026-06-18 12:55:04,USER_045,PROD_018,['purchase'],Cairo
2026-06-15 08:42:04,USER_062,PROD_010,['purchase'],Dubai
2026-06-22 17:57:04,USER_111,PROD_002,['click'],Riyadh
2026-06-20 11:59:04,USER_069,PROD_046,['click'],Dubai
2026-06-16 23:30:04,USER_071,PROD_010,['click'],Riyadh
2026-06-11 20:46:04,USER_120,PROD_023,['click'],Riyadh
2026-06-09 09:10:04,USER_105,PROD_027,['click'],Cairo
2026-06-17 15:39:04,USER_037,PROD_044,['click'],Dubai
2026-06-17 17:18:04,USER_015,PROD_049,['click'],Riyadh
2026-06-10 10:15:04,USER_148,PROD_028,['click'],Riyadh
2026-06-17 22:06:04,USER_093,PROD_017,['click'],Riyadh
2026-06-12 23:42:04,USER_128,PROD_045,['click'],Dubai
2026-06-04 11:33:04,USER_006,PROD_042,['click'],Riyadh
2026-06-25 16:25:04,USER_199,PROD_041,['purchase'],Riyadh
2026-06-08 07:11:04,USER_185,PROD_038,['purchase'],Riyadh
2026-06-20 20:34:04,USER_200,PROD_028,['click'],Dubai
2026-06-11 19:57:04,USER_075,PROD_001,['click'],Cairo
2026-06-19 07:57:04,USER_188,PROD_046,['click'],Riyadh
2026-06-06 06:21:04,USER_081,PROD_035,['click'],Riyadh
2026-06-02 16:12:04,USER_070,PROD_018,['click'],Riyadh
2026-06-20 18:28:04,USER_141,PROD_042,['click'],Riyadh
2026-06-08 16:54:04,USER_002,PROD_019,['click'],Dubai
2026-06-13 23:24:04,USER_129,PROD_044,['click'],Riyadh
2026-06-05 10:08:04,USER_117,PROD_007,['click'],Riyadh
2026-06-23 18:16:04,USER_066,PROD_048,['click'],Dubai
2026-06-05 03:47:04,USER_043,PROD_031,['click'],Riyadh
2026-06-11 10:16:04,USER_022,PROD_002,['click'],Dubai
2026-06-17 22:31:04,USER_130,PROD_031,['click'],Riyadh
2026-06-05 23:29:04,USER_079,PROD_006,['click'],Riyadh
2026-06-12 06:03:04,USER_028,PROD_034,['click'],Cairo
2026-06-07 08:38:04,USER_168,PROD_017,['click'],Cairo
2026-06-30 09:02:04,USER_100,PROD_008,['click'],Riyadh
2026-06-30 08:24:04,USER_193,PROD_045,['purchase'],Dubai
2026-06-27 02:18:04,USER_007,PROD_023,['click'],Dubai
2026-06-30 08:06:04,USER_127,PROD_022,['purchase'],Dubai
2026-06-09 18:07:04,USER_163,PROD_048,['click'],Riyadh
2026-06-15 08:50:04,USER_146,PROD_005,['click'],Dubai
2026-06-10 12:15:04,USER_132,PROD_024,['click'],Riyadh
2026-06-01 15:50:04,USER_088,PROD_029,['purchase'],Riyadh
2026-06-08 11:57:04,USER_014,PROD_047,['click'],Cairo
2026-06-14 02:19:04,USER_072,PROD_004,['click'],Riyadh
2026-06-19 21:07:04,USER_176,PROD_005,['purchase'],Dubai
2026-07-01 01:16:04,USER_104,PROD_016,['click'],Riyadh
2026-06-21 15:14:04,USER_132,PROD_005,['click'],
2026-06-06 03:03:04,USER_172,PROD_002,['purchase'],Riyadh
2026-06-20 13:03:04,USER_103,PROD_043,['click'],Riyadh
2026-06-05 02:53:04,USER_027,PROD_013,['click'],Riyadh
2026-06-17 15:08:04,USER_029,PROD_018,['click'],Dubai
2026-06-17 18:37:04,USER_124,PROD_021,['click'],Riyadh
2026-06-27 06:53:04,USER_167,PROD_022,['click'],Riyadh
2026-06-19 08:56:04,USER_141,PROD_016,['click'],Dubai
2026-06-20 17:34:04,USER_187,PROD_009,['purchase'],Riyadh
2026-06-17 18:32:04,USER_016,PROD_031,['click'],Dubai
2026-06-13 00:36:04,USER_112,PROD_001,['click'],Riyadh
2026-06-16 00:50:04,USER_047,PROD_002,['purchase'],Dubai
2026-06-20 11:33:04,USER_128,PROD_021,['click'],Dubai
2026-06-21 22:45:04,USER_018,PROD_026,['click'],
2026-06-17 23:36:04,USER_123,PROD_011,['click'],Dubai
2026-06-30 15:42:04,USER_120,PROD_006,['click'],Dubai
2026-06-22 04:08:04,USER_049,PROD_004,['click'],Riyadh
2026-06-30 09:15:04,USER_084,PROD_038,['click'],Dubai
2026-06-03 06:45:04,USER_184,PROD_035,['click'],Dubai
2026-06-02 02:40:04,USER_172,PROD_029,['click'],Dubai
2026-06-14 18:08:04,USER_084,PROD_036,['click'],Riyadh
2026-06-14 04:31:04,USER_125,PROD_018,['purchase'],Cairo
2026-06-21 10:36:04,USER_105,PROD_045,['purchase'],Dubai
2026-06-17 23:01:04,USER_140,PROD_011,['click'],Dubai
2026-06-10 22:01:04,USER_043,PROD_010,['click'],Riyadh
2026-06-02 22:58:04,USER_177,PROD_036,['click'],Dubai
2026-06-18 02:43:04,USER_067,PROD_028,['click'],Riyadh
2026-06-24 05:46:04,USER_036,PROD_034,['click'],Dubai
2026-06-12 21:06:04,USER_168,PROD_019,['click'],Dubai
2026-06-15 04:37:04,USER_008,PROD_005,['click'],Riyadh
2026-06-09 21:28:04,USER_140,PROD_034,['click'],Cairo
2026-06-25 18:53:04,USER_139,PROD_015,['purchase'],Dubai
2026-06-15 00:07:04,USER_050,PROD_020,['purchase'],Riyadh
2026-06-22 01:08:04,USER_162,PROD_010,['click'],Cairo
2026-06-27 01:38:04,USER_084,PROD_036,['click'],Cairo
2026-06-19 17:42:04,USER_148,PROD_028,['click'],Riyadh
2026-06-16 14:28:04,USER_093,PROD_043,['click'],Dubai
2026-06-16 18:16:04,USER_066,PROD_034,['click'],Riyadh
2026-06-19 12:26:04,USER_030,PROD_025,['click'],Dubai
2026-06-05 10:59:04,USER_188,PROD_046,['click'],Riyadh
2026-06-18 07:28:04,USER_181,PROD_007,['click'],Riyadh
2026-06-16 14:52:04,USER_117,PROD_019,['click'],Riyadh
2026-06-18 03:02:04,USER_097,PROD_032,['click'],Dubai
2026-06-13 02:00:04,USER_081,PROD_040,['purchase'],Riyadh
2026-06-09 02:23:04,USER_150,PROD_030,['click'],Dubai
2026-06-18 10:36:04,USER_039,PROD_044,['purchase'],Dubai
2026-06-18 20:44:04,USER_157,PROD_042,['click'],Dubai
2026-06-27 16:31:04,USER_200,PROD_006,['click'],Dubai
2026-06-06 02:54:04,USER_154,PROD_002,['click'],Riyadh
2026-06-02 01:41:04,USER_018,PROD_024,['click'],Dubai
2026-06-07 11:36:04,USER_133,PROD_039,['click'],Dubai
2026-06-10 03:35:04,USER_002,PROD_022,['click'],Dubai
2026-06-25 00:13:04,USER_003,PROD_010,['click'],Cairo
2026-06-10 03:21:04,USER_095,PROD_047,['click'],Riyadh
2026-06-05 07:26:04,USER_095,PROD_017,['click'],Dubai
2026-06-24 16:05:04,USER_115,PROD_041,['click'],Dubai
2026-07-01 09:24:04,USER_079,PROD_018,['click'],Riyadh
2026-06-07 03:52:04,USER_004,PROD_018,['purchase'],Riyadh
2026-06-06 10:47:04,USER_096,PROD_026,['click'],Dubai
2026-06-14 00:02:04,USER_158,PROD_033,['click'],Riyadh
2026-06-11 01:00:04,USER_156,PROD_026,['click'],Riyadh
2026-06-14 17:28:04,USER_019,PROD_040,['purchase'],Riyadh
2026-06-19 04:23:04,USER_064,PROD_022,['click'],Riyadh
2026-06-10 14:18:04,USER_104,PROD_035,['purchase'],Riyadh
2026-06-28 15:16:04,USER_100,PROD_026,['click'],Cairo
2026-06-26 19:20:04,USER_191,PROD_048,['click'],Dubai
2026-06-09 18:03:04,USER_044,PROD_014,['click'],Riyadh
2026-06-13 10:43:04,USER_176,PROD_010,['click'],Riyadh
2026-06-27 19:10:04,USER_017,PROD_022,['purchase'],Riyadh
2026-06-15 14:35:04,USER_069,PROD_004,['click'],Riyadh
2026-06-24 04:37:04,USER_089,PROD_037,['click'],Riyadh
2026-06-13 14:00:04,USER_003,PROD_044,['purchase'],Dubai
2026-06-07 18:15:04,USER_045,PROD_035,['click'],
2026-06-13 23:23:04,USER_184,PROD_046,['click'],Dubai
2026-06-08 10:40:04,USER_030,PROD_046,['click'],Riyadh
2026-06-29 19:21:04,USER_173,PROD_033,['click'],Dubai
2026-06-21 23:55:04,USER_082,PROD_042,['click'],Riyadh
2026-06-11 17:00:04,USER_051,PROD_007,['click'],Riyadh
2026-06-25 08:00:04,USER_151,PROD_012,['click'],
2026-06-18 07:24:04,USER_051,PROD_003,['click'],Riyadh
2026-06-11 18:01:04,USER_148,PROD_015,['click'],Cairo
2026-06-22 03:38:04,USER_122,PROD_031,['click'],
2026-06-14 05:00:04,USER_109,PROD_047,['click'],Riyadh
2026-07-01 07:17:04,USER_035,PROD_036,['click'],Riyadh
2026-06-13 06:31:04,USER_077,PROD_013,['purchase'],Dubai
2026-06-27 06:58:04,USER_004,PROD_047,['click'],Dubai
2026-06-07 23:26:04,USER_041,PROD_040,['click'],Dubai
2026-06-22 18:42:04,USER_020,PROD_006,['click'],Riyadh
2026-06-27 22:06:04,USER_155,PROD_005,['click'],Dubai
2026-06-06 07:30:04,USER_080,PROD_038,['click'],Dubai
2026-06-27 19:13:04,USER_161,PROD_024,['click'],Riyadh
2026-06-07 22:44:04,USER_192,PROD_050,['click'],Dubai
2026-06-10 00:01:04,USER_080,PROD_032,['click'],Riyadh
2026-06-05 00:23:04,USER_079,PROD_004,['click'],Dubai
2026-06-21 10:44:04,USER_046,PROD_044,['click'],Riyadh
2026-06-04 05:51:04,USER_066,PROD_034,['click'],Riyadh
2026-06-08 09:43:04,USER_159,PROD_031,['click'],Dubai
2026-06-15 14:49:04,USER_024,PROD_044,['click'],Cairo
2026-06-17 22:24:04,USER_008,PROD_048,['click'],
2026-06-24 13:25:04,USER_120,PROD_009,['purchase'],Dubai
2026-06-15 14:00:04,USER_038,PROD_046,['click'],Cairo
2026-06-02 12:47:04,USER_096,PROD_031,['click'],Riyadh
2026-06-11 07:16:04,USER_131,PROD_027,['click'],Riyadh
2026-06-22 08:59:04,USER_148,PROD_031,['click'],Dubai
2026-06-12 12:54:04,USER_142,PROD_004,['click'],Dubai
2026-06-03 05:18:04,USER_093,PROD_032,['click'],
2026-06-11 15:32:04,USER_056,PROD_005,['click'],Dubai
2026-06-18 18:33:04,USER_151,PROD_002,['click'],Dubai
2026-06-09 13:38:04,USER_181,PROD_013,['purchase'],Dubai
2026-06-29 11:56:04,USER_117,PROD_010,['click'],Riyadh
2026-06-26 02:47:04,USER_120,PROD_026,['click'],Dubai
2026-06-07 04:14:04,USER_051,PROD_041,['click'],Dubai
2026-06-07 02:49:04,USER_002,PROD_029,['purchase'],Cairo
2026-06-19 13:43:04,USER_046,PROD_024,['click'],Dubai
2026-06-27 01:49:04,USER_121,PROD_038,['purchase'],Riyadh
2026-06-10 05:16:04,USER_034,PROD_036,['click'],Dubai
2026-06-05 15:45:04,USER_142,PROD_002,['click'],Dubai
2026-06-24 18:56:04,USER_021,PROD_022,['click'],Riyadh
2026-06-26 14:26:04,USER_061,PROD_024,['click'],Riyadh
2026-06-26 15:43:04,USER_165,PROD_015,['click'],Dubai
2026-06-27 07:35:04,USER_050,PROD_018,['purchase'],Riyadh
2026-06-26 12:37:04,USER_050,PROD_021,['purchase'],
2026-06-03 18:46:04,USER_185,PROD_031,['click'],Dubai
2026-06-06 02:38:04,USER_047,PROD_025,['purchase'],Riyadh
2026-06-16 21:53:04,USER_034,PROD_036,['purchase'],Riyadh
2026-06-22 21:01:04,USER_173,PROD_002,['click'],Dubai
2026-06-02 16:54:04,USER_132,PROD_024,['click'],Riyadh
2026-06-10 04:35:04,USER_175,PROD_027,['click'],Dubai
2026-06-15 07:27:04,USER_139,PROD_041,['click'],Riyadh
2026-06-20 11:50:04,USER_007,PROD_045,['click'],Riyadh
2026-06-17 12:31:04,USER_002,PROD_020,['click'],
2026-06-14 16:21:04,USER_041,PROD_007,['click'],Cairo
2026-06-09 12:22:04,USER_014,PROD_011,['click'],Dubai
2026-06-19 02:31:04,USER_067,PROD_040,['click'],
2026-06-14 01:31:04,USER_001,PROD_017,['click'],Dubai
2026-06-26 18:08:04,USER_132,PROD_036,['click'],Dubai
2026-06-04 12:25:04,USER_004,PROD_017,['click'],Dubai
2026-06-09 22:28:04,USER_072,PROD_034,['click'],Dubai
2026-06-05 05:48:04,USER_078,PROD_032,['purchase'],Riyadh
2026-06-20 08:11:04,USER_190,PROD_035,['click'],
2026-06-18 01:43:04,USER_047,PROD_011,['click'],Riyadh
2026-06-26 08:16:04,USER_002,PROD_013,['purchase'],Dubai
2026-06-01 22:57:04,USER_164,PROD_020,['purchase'],
2026-06-06 10:22:04,USER_141,PROD_050,['purchase'],
2026-07-01 12:28:04,USER_164,PROD_037,['purchase'],Cairo
2026-06-02 23:34:04,USER_192,PROD_005,['click'],Riyadh
2026-06-19 05:05:04,USER_004,PROD_043,['click'],Dubai
2026-06-14 01:05:04,USER_044,PROD_034,['click'],Riyadh
2026-06-26 19:20:04,USER_191,PROD_048,['click'],Dubai
2026-06-28 20:27:04,USER_191,PROD_003,['click'],Riyadh
2026-06-16 00:58:04,USER_193,PROD_004,['click'],Dubai
2026-06-11 21:27:04,USER_118,PROD_040,['click'],Cairo
2026-06-27 06:48:04,USER_032,PROD_003,['purchase'],Cairo
2026-06-15 22:12:04,USER_051,PROD_002,['click'],Riyadh
2026-06-16 12:03:04,USER_134,PROD_025,['click'],Cairo
2026-06-08 16:54:04,USER_002,PROD_019,['click'],Dubai
2026-06-26 03:34:04,USER_040,PROD_035,['purchase'],Riyadh
2026-06-19 21:37:04,USER_173,PROD_043,['purchase'],
2026-06-30 01:21:04,USER_099,PROD_029,['click'],
2026-06-17 16:09:04,USER_039,PROD_004,['click'],Cairo
2026-06-09 13:38:04,USER_181,PROD_013,['purchase'],Dubai
2026-06-08 16:40:04,USER_194,PROD_027,['click'],Dubai
2026-06-18 03:04:04,USER_103,PROD_044,['click'],Riyadh
2026-06-19 14:51:04,USER_045,PROD_035,['click'],Dubai
2026-06-09 19:26:04,USER_104,PROD_031,['click'],Dubai
2026-06-04 05:59:04,USER_061,PROD_049,['click'],Dubai
2026-06-06 14:26:04,USER_061,PROD_004,['click'],Dubai
2026-06-20 20:10:04,USER_013,PROD_015,['purchase'],Riyadh
2026-06-24 17:49:04,USER_063,PROD_003,['click'],Dubai
2026-06-27 19:49:04,USER_160,PROD_002,['click'],Dubai
2026-06-11 13:43:04,USER_179,PROD_003,['purchase'],
2026-06-14 00:02:04,USER_158,PROD_033,['click'],Riyadh
2026-06-18 14:42:04,USER_138,PROD_032,['purchase'],Riyadh
2026-06-21 06:06:04,USER_157,PROD_027,['click'],Riyadh
2026-06-27 07:19:04,USER_044,PROD_039,['purchase'],Riyadh
2026-06-10 09:17:04,USER_155,PROD_007,['click'],
2026-06-11 01:00:04,USER_156,PROD_026,['click'],Riyadh
2026-06-20 11:33:04,USER_109,PROD_038,['click'],
2026-06-20 08:11:04,USER_190,PROD_035,['click'],
2026-06-20 18:28:04,USER_045,PROD_012,['click'],Riyadh
2026-06-02 06:39:04,USER_198,PROD_046,['click'],Dubai
2026-06-20 13:04:04,USER_154,PROD_024,['click'],Dubai
