product_id,product_name,category,price
PROD_001,Seamless global framework,Electronics,220.16
PROD_002,Programmable analyzing product,Electronics,110.99
PROD_003,Virtual logistical extranet,Beauty,413.56
PROD_004,Persevering bifurcated core,Clothing,26.86
PROD_005,Persevering client-server core,Beauty,170.61
PROD_006,Decentralized dedicated protocol,Clothing,476.68
PROD_007,Adaptive client-driven alliance,Home & Kitchen,31.83
PROD_008,Focused dynamic productivity,Clothing,305.56
PROD_009,Cloned mobile concept,Beauty,216.42
PROD_010,Down-sized exuding task-force,Home & Kitchen,233.85
PROD_011,Customer-focused 4thgeneration structure,Home & Kitchen,334.3
PROD_012,Re-engineered cohesive policy,Clothing,233.89
PROD_013,Extended executive application,Clothing,485.0
PROD_014,Function-based cohesive capacity,Beauty,31.69
PROD_015,Persistent systematic emulation,Electronics,125.47
PROD_016,Profit-focused asymmetric synergy,Clothing,471.09
PROD_017,Multi-layered needs-based superstructure,Home & Kitchen,272.81
PROD_018,Cloned 24hour budgetary management,Clothing,164.04
PROD_019,Re-engineered demand-driven circuit,Beauty,223.66
PROD_020,Synchronized client-server secured line,Electronics,329.96
PROD_021,Grass-roots 24/7 methodology,Home & Kitchen,423.59
PROD_022,Networked 24hour projection,Clothing,422.67
PROD_023,Ergonomic bottom-line utilization,Beauty,126.8
PROD_024,Visionary attitude-oriented Local Area Network,Electronics,253.34
PROD_025,Face-to-face exuding orchestration,Electronics,271.41
PROD_026,Digitized holistic encryption,Electronics,83.35
PROD_027,Pre-emptive attitude-oriented frame,Home & Kitchen,457.35
PROD_028,Vision-oriented radical paradigm,Clothing,65.33
PROD_029,Optional discrete architecture,Electronics,226.36
PROD_030,Networked interactive application,Clothing,474.37
PROD_031,Upgradable zero-defect analyzer,Beauty,485.54
PROD_032,Reduced radical application,Beauty,130.29
PROD_033,Visionary heuristic moratorium,Home & Kitchen,80.32
PROD_034,Re-contextualized attitude-oriented service-desk,Clothing,433.79
PROD_035,Devolved reciprocal artificial intelligence,Home & Kitchen,233.31
PROD_036,Visionary mission-critical migration,Clothing,333.61
PROD_037,Reverse-engineered value-added model,Clothing,390.98
PROD_038,Object-based dynamic open system,Beauty,388.7
PROD_039,Centralized impactful capacity,Home & Kitchen,223.01
PROD_040,Advanced transitional definition,Electronics,276.98
PROD_041,Multi-layered web-enabled infrastructure,Electronics,172.51
PROD_042,Pre-emptive composite hierarchy,Home & Kitchen,128.89
PROD_043,Multi-layered tangible synergy,Home & Kitchen,229.55
PROD_044,Decentralized empowering collaboration,Clothing,201.39
PROD_045,Proactive actuating synergy,Beauty,339.94
PROD_046,Re-engineered systematic utilization,Clothing,370.8
PROD_047,Multi-lateral national system engine,Home & Kitchen,264.85
PROD_048,Re-engineered static website,Beauty,40.76
PROD_049,Sharable multi-tasking capacity,Beauty,340.4
PROD_050,Customizable multimedia methodology,Beauty,76.52
